State,Model,Test Accuracy,CV Accuracy,AUC-ROC
New Jersey,Random Forest,0.9908396946564886,0.9582610795037054,0.9997638253033936
New Jersey,Gradient Boosting,0.9938931297709923,0.9669735267566603,0.9809243514279485
Mississippi,Random Forest,0.9962121212121212,0.9885974025974026,0.9994016753091344
Mississippi,Gradient Boosting,0.9962121212121212,0.9908701298701299,0.9977562824092542
Louisiana,Random Forest,0.9904076738609112,0.9834012934057087,0.9996207652115288
Louisiana,Gradient Boosting,0.988009592326139,0.9740202062176972,0.999831451205124
